word,label,is_ne
Wow,ENG,EXPR
",",OTH,
ang,FIL,
ganda,FIL,
of,ENG,
your,ENG,
new,ENG,
phone,ENG,
!,OTH,
OMG,OTH,ABB
",",OTH,
I,ENG,
forgot,ENG,
to,ENG,
buy,ENG,
the,ENG,
toyo,FIL,
.,OTH,
Let's,ENG,
go,ENG,
na,FIL,
.,OTH,
We're,ENG,
late,ENG,
for,ENG,
the,ENG,
meeting,ENG,
in,ENG,
BGC,OTH,ABB
.,OTH,
This,ENG,
is,ENG,
a,ENG,
purely,ENG,
English,ENG,
sentence,ENG,
.,OTH,
Saan,FIL,
ka,FIL,
pupunta,FIL,
?,OTH,
I'm,ENG,
so,ENG,
pagod,FIL,
from,ENG,
work,ENG,
.,OTH,
Can,ENG,
you,ENG,
pass,ENG,
the,ENG,
sinigang,FIL,
",",OTH,
please,ENG,
?,OTH,
My,ENG,
brother,ENG,
",",OTH,
si,FIL,
Kuya,FIL,
Jose,OTH,NE
",",OTH,
is,ENG,
coming,ENG,
.,OTH,
He,ENG,
said,ENG,
",",OTH,
"""",OTH,
See,ENG,
you,ENG,
later,ENG,
.,OTH,
"""",OTH,
"""",OTH,
Walang,FIL,
anuman,FIL,
",",OTH,
"""",OTH,
she,ENG,
replied,ENG,
.,OTH,
What's,ENG,
the,ENG,
ulam,FIL,
for,ENG,
today,ENG,
?,OTH,
The,ENG,
package,ENG,
from,ENG,
Shopee,OTH,NE
arrived,ENG,
.,OTH,
I'm,ENG,
craving,ENG,
halo,FIL,
-,OTH,
halo,FIL,
right,ENG,
now,ENG,
.,OTH,
The,ENG,
concert,ENG,
was,ENG,
held,ENG,
at,ENG,
the,ENG,
Araneta,OTH,NE
Coliseum,OTH,NE
.,OTH,
Grabe,FIL,EXPR
",",OTH,
ang,FIL,
init,FIL,
!,OTH,
BRB,OTH,ABB
",",OTH,
just,ENG,
need,ENG,
to,ENG,
finish,ENG,
this,ENG,
report,ENG,
.,OTH,
This,ENG,
is,ENG,
a,ENG,
very,ENG,
complex,ENG,
task,ENG,
",",OTH,
'di,FIL,
ba,FIL,
?,OTH,
The,ENG,
data,ENG,
is,ENG,
saved,ENG,
on,ENG,
the,ENG,
cloud,ENG,
.,OTH,
Na-stuck,FIL,
kami,FIL,
sa,FIL,
traffic,ENG,
sa,FIL,
EDSA,OTH,ABB
.,OTH,
My,ENG,
favorite,ENG,
K-drama,OTH,NE
is,ENG,
"""",OTH,
Crash,OTH,NE
Landing,OTH,NE
on,ENG,
You,OTH,NE
"""",OTH,
.,OTH,
Please,ENG,
email,ENG,
the,ENG,
file,ENG,
to,ENG,
juan.delacruz@email.com,OTH,
.,OTH,
Check,ENG,
their,ENG,
website,ENG,
:,OTH,
https://www.example.com,OTH,
for,ENG,
more,ENG,
info,ENG,
.,OTH,
Naks,FIL,EXPR
",",OTH,
ang,FIL,
galing,FIL,
mo,FIL,
naman,FIL,
!,OTH,
I,ENG,
need,ENG,
to,ENG,
go,ENG,
to,ENG,
the,ENG,
palengke,FIL,
.,OTH,
The,ENG,
cat,ENG,
is,ENG,
sleeping,ENG,
on,ENG,
the,ENG,
sofa,ENG,
.,OTH,
Anong,FIL,
masasabi,FIL,
mo,FIL,
about,ENG,
this,ENG,
?,OTH,
It's,ENG,
a,ENG,
"""",OTH,
work,ENG,
-,OTH,
from,ENG,
-,OTH,
home,ENG,
"""",OTH,
setup,ENG,
.,OTH,
Ay,FIL,EXPR
",",OTH,
nakalimutan,FIL,
ko,FIL,
'yung,FIL,
keys,ENG,
!,OTH,
The,ENG,
Philippines,OTH,NE
is,ENG,
a,ENG,
beautiful,ENG,
country,ENG,
.,OTH,
Let's,ENG,
eat,ENG,
lunch,ENG,
at,ENG,
Jollibee,OTH,NE
.,OTH,
I,ENG,
love,ENG,
listening,ENG,
to,ENG,
OPM,OTH,ABB
.,OTH,
Don't,ENG,
forget,ENG,
to,ENG,
wear,ENG,
your,ENG,
mask,ENG,
.,OTH,
Super,ENG,
fun,ENG,
ng,FIL,
party,ENG,
last,ENG,
night,ENG,
!,OTH,
I'll,ENG,
be,ENG,
right,ENG,
back,ENG,
",",OTH,
promise,ENG,
.,OTH,
Sige,FIL,
",",OTH,
I'll,ENG,
text,ENG,
you,ENG,
later,ENG,
.,OTH,
The,ENG,
2024,OTH,
budget,ENG,
was,ENG,
approved,ENG,
.,OTH,
Who,ENG,
is,ENG,
the,ENG,
new,ENG,
CEO,OTH,ABB
of,ENG,
the,ENG,
company,ENG,
?,OTH,
This,ENG,
is,ENG,
my,ENG,
simple,ENG,
",",OTH,
5,OTH,
-,OTH,
step,ENG,
process,ENG,
.,OTH,
Ang,FIL,
cute,ENG,
ng,FIL,
baby,ENG,
mo,FIL,
!,OTH,
We,ENG,
need,ENG,
to,ENG,
focus,ENG,
on,ENG,
our,ENG,
"""",OTH,
core,ENG,
values,ENG,
"""",OTH,
.,OTH,
Manila,OTH,NE
",",OTH,
Quezon,OTH,NE
City,OTH,NE
",",OTH,
and,ENG,
Pasig,OTH,NE
are,ENG,
major,ENG,
cities,ENG,
.,OTH,
He's,ENG,
not,ENG,
here,ENG,
;,OTH,
he,ENG,
went,ENG,
to,ENG,
the,ENG,
grocery,ENG,
.,OTH,
What,ENG,
time,ENG,
is,ENG,
the,ENG,
flight,ENG,
to,ENG,
Cebu,OTH,NE
?,OTH,
I'm,ENG,
not,ENG,
sure,ENG,
...,OTH,
maybe,ENG,
later,ENG,
?,OTH,
Paki,FIL,
-,OTH,
abot,FIL,
nga,FIL,
'yung,FIL,
baso,FIL,
.,OTH,
This,ENG,
is,ENG,
just,ENG,
a,ENG,
test,ENG,
.,OTH,
How,ENG,
are,ENG,
you,ENG,
today,ENG,
",",OTH,
Maria,OTH,NE
?,OTH,
I'm,ENG,
feeling,ENG,
great,ENG,
",",OTH,
thanks,ENG,
!,OTH,
The,ENG,
quick,ENG,
brown,ENG,
fox,ENG,
jumps,ENG,
over,ENG,
the,ENG,
lazy,ENG,
dog,ENG,
.,OTH,
Nakakainis,FIL,
'yung,FIL,
service,ENG,
nila,FIL,
.,OTH,
Let's,ENG,
make,ENG,
a,ENG,
decision,ENG,
by,ENG,
05:00,OTH,
PM,OTH,ABB
.,OTH,
The,ENG,
file,ENG,
is,ENG,
named,ENG,
config.json,OTH,
.,OTH,
Is,ENG,
this,ENG,
100%,OTH,
accurate,ENG,
?,OTH,
I,ENG,
bought,ENG,
this,ENG,
for,ENG,
₱,OTH,
500,OTH,
.,OTH,
Aray,FIL,EXPR
!,OTH,
That,ENG,
hurts,ENG,
.,OTH,
He's,ENG,
an,ENG,
engineer,ENG,
at,ENG,
Google,OTH,NE
.,OTH,
My,ENG,
birthday,ENG,
is,ENG,
on,ENG,
December,OTH,NE
25th,OTH,
.,OTH,
We,ENG,
need,ENG,
to,ENG,
submit,ENG,
this,ENG,
ASAP,OTH,ABB
.,OTH,
Good,ENG,
morning,ENG,
",",OTH,
Mr.,OTH,NE
Reyes,OTH,NE
.,OTH,
Kumain,FIL,
ka,FIL,
na,FIL,
ba,FIL,
?,OTH,
Yes,ENG,
",",OTH,
I,ENG,
ate,ENG,
kanina,FIL,
pa,FIL,
.,OTH,
He,ENG,
said,ENG,
",",OTH,
"""",OTH,
I'll,ENG,
be,ENG,
there,ENG,
.,OTH,
"""",OTH,
It's,ENG,
just,ENG,
a,ENG,
',OTH,
test,ENG,
',OTH,
.,OTH,
Red,ENG,
",",OTH,
white,ENG,
",",OTH,
and,ENG,
blue,ENG,
.,OTH,
This,ENG,
is,ENG,
the,ENG,
last,ENG,
sentence,ENG,
(...for,ENG,
now,ENG,
),OTH,
!,OTH,
PBA,OTH,ABB
",",OTH,
varsity,ENG,
leagues,ENG,
call,ENG,
off,ENG,
Sunday,OTH,NE
games,ENG,
due,ENG,
to,ENG,
Uwan,OTH,NE
.,OTH,
LGUs,OTH,ABB
in,ENG,
Uwan,OTH,NE
path,ENG,
told,ENG,
to,ENG,
finish,ENG,
evacuation,ENG,
.,OTH,
Signal,ENG,
No.,OTH,
3,OTH,
up,ENG,
in,ENG,
several,ENG,
areas,ENG,
as,ENG,
Uwan,OTH,NE
nears,ENG,
Luzon,OTH,NE
.,OTH,
Walang,FIL,
Pasok,FIL,
:,OTH,
Class,ENG,
",",OTH,
gov't,ENG,ABB
work,ENG,
suspensions,ENG,
for,ENG,
Nov.,OTH,NE
10,OTH,
.,OTH,
PAGASA,OTH,ABB
reported,ENG,
heavy,ENG,
rains,ENG,
.,OTH,
This,ENG,
is,ENG,
a,ENG,
developing,ENG,
story,ENG,
.,OTH,
The,ENG,
DENR,OTH,ABB
organized,ENG,
a,ENG,
joint,ENG,
inspection,ENG,
team,ENG,
.,OTH,
Most,ENG,
Filipinos,OTH,NE
only,ENG,
have,ENG,
P50,OTH,
",",OTH,
0,OTH,
for,ENG,
emergency,ENG,
funds,ENG,
.,OTH,
"""",OTH,
Awfully,ENG,
quiet,ENG,
"""",OTH,
:,OTH,
Albie,OTH,NE
Casiño,OTH,NE
slams,ENG,
Slater,OTH,NE
Young,OTH,NE
.,OTH,
Bea,OTH,NE
Alonzo,OTH,NE
says,ENG,
her,ENG,
lifestyle,ENG,
doesn't,ENG,
depend,ENG,
on,ENG,
her,ENG,
partner,ENG,
.,OTH,
Ahtisa,OTH,NE
Manalo,OTH,NE
champions,ENG,
youth,ENG,
empowerment,ENG,
in,ENG,
her,ENG,
"""",OTH,
Beyond,ENG,
the,ENG,
Crown,ENG,
"""",OTH,
video,ENG,
.,OTH,
"""",OTH,
Probinsyana,FIL,
na,FIL,
si,FIL,
Krissy,OTH,NE
"""",OTH,
:,OTH,
Kris,OTH,NE
Aquino,OTH,NE
moving,ENG,
to,ENG,
Tarlac,OTH,NE
.,OTH,
Uniqlo,OTH,NE
reopens,ENG,
BGC,OTH,ABB
High,OTH,NE
Street,OTH,NE
branch,ENG,
.,OTH,
Filipino,FIL,
cuisine,ENG,
is,ENG,
a,ENG,
fusion,ENG,
of,ENG,
indigenous,ENG,
flavors,ENG,
.,OTH,
Iconic,ENG,
dishes,ENG,
like,ENG,
adobo,FIL,
and,ENG,
cassava,ENG,
cake,ENG,
tell,ENG,
a,ENG,
story,ENG,
.,OTH,
The,ENG,
Senate,OTH,NE
shouldn't,ENG,
be,ENG,
a,ENG,
"""",OTH,
hiding,ENG,
place,ENG,
"""",OTH,
for,ENG,
Senator,OTH,NE
Bato,OTH,NE
Dela,OTH,NE
Rosa,OTH,NE
.,OTH,
The,ENG,
ICC,OTH,ABB
is,ENG,
breathing,ENG,
down,ENG,
his,ENG,
neck,ENG,
.,OTH,
National,OTH,NE
University,OTH,NE
showed,ENG,
poise,ENG,
down,ENG,
the,ENG,
stretch,ENG,
.,OTH,
They,ENG,
secured,ENG,
the,ENG,
first,ENG,
Final,OTH,NE
Four,OTH,NE
spot,ENG,
in,ENG,
the,ENG,
UAAP,OTH,ABB
.,OTH,
HONOR,OTH,NE
Announces,ENG,
Piso,FIL,
Sale,ENG,
for,ENG,
X7d,OTH,NE
This,ENG,
11.11,OTH,
.,OTH,
Tinder,OTH,NE
Tries,ENG,
New,ENG,
AI,OTH,ABB
Tool,ENG,
to,ENG,
Suggest,ENG,
Better,ENG,
Matches,ENG,
.,OTH,
Spotify,OTH,NE
Adds,ENG,
Weekly,ENG,
Listening,ENG,
Stats,ENG,
Feature,ENG,
.,OTH,
GCash,OTH,NE
PocketPay,OTH,NE
turns,ENG,
your,ENG,
phone,ENG,
into,ENG,
a,ENG,
Card,ENG,
Terminal,ENG,
.,OTH,
Google,OTH,NE
Maps,OTH,NE
now,ENG,
uses,ENG,
Gemini,OTH,NE
AI,OTH,ABB
.,OTH,
HUAWEI,OTH,NE
officially,ENG,
launched,ENG,
the,ENG,
Mate,OTH,NE
70,OTH,NE
Air,OTH,NE
.,OTH,
ASUS,OTH,NE
launches,ENG,
world's,ENG,
first,ENG,
AI-powered,ENG,
WiFi,OTH,ABB
-,OTH,
7,OTH,
router,ENG,
.,OTH,
The,ENG,
DICT,OTH,ABB
partners,ENG,
with,ENG,
SM,OTH,NE
for,ENG,
a,ENG,
tech,ENG,
upskilling,ENG,
program,ENG,
.,OTH,
He,ENG,
said,ENG,
",",OTH,
"""",OTH,
I'll,ENG,
be,ENG,
there,ENG,
by,ENG,
08:00,OTH,
AM,OTH,ABB
.,OTH,
"""",OTH,
"""",OTH,
Ang,FIL,
galing,FIL,
ng,FIL,
performance,ENG,
",",OTH,
TBH,OTH,ABB
.,OTH,
Nood,FIL,
tayo,FIL,
ng,FIL,
sine,FIL,
sa,FIL,
SM,OTH,NE
Megamall,OTH,NE
?,OTH,
The,ENG,
email,ENG,
is,ENG,
juandelacruz@gmail.com,OTH,
",",OTH,
right,ENG,
?,OTH,
This,ENG,
is,ENG,
...,OTH,
unexpected,ENG,
.,OTH,
She's,ENG,
a,ENG,
new,ENG,
hire,ENG,
from,ENG,
Ateneo,OTH,NE
.,OTH,
Bumili,FIL,
ako,FIL,
ng,FIL,
bigas,FIL,
",",OTH,
manok,FIL,
",",OTH,
at,FIL,
gulay,FIL,
.,OTH,
Hay,FIL,EXPR
naku,FIL,EXPR
",",OTH,
traffic,ENG,
na,FIL,
naman,FIL,
sa,FIL,
EDSA,OTH,ABB
.,OTH,
The,ENG,
website,ENG,
is,ENG,
https://www.rappler.com,OTH,
.,OTH,
What's,ENG,
the,ENG,
#1,OTH,
issue,ENG,
?,OTH,
The,ENG,
total,ENG,
is,ENG,
₱,OTH,
1,OTH,
",",OTH,
500.5,OTH,
.,OTH,
LOL,OTH,EXPR
",",OTH,
that's,ENG,
so,ENG,
funny,ENG,
!,OTH,
The,ENG,
event,ENG,
was,ENG,
held,ENG,
at,ENG,
the,ENG,
Ynares,OTH,NE
Center,OTH,NE
in,ENG,
Antipolo,OTH,NE
.,OTH,
Ombudsman,OTH,NE
Remulla,OTH,NE
confirmed,ENG,
the,ENG,
ICC,OTH,ABB
arrest,ENG,
order,ENG,
.,OTH,
The,ENG,
Bulldogs,OTH,NE
survive,ENG,
Falcons,OTH,NE
to,ENG,
secure,ENG,
a,ENG,
spot,ENG,
.,OTH,
Authorities,ENG,
warned,ENG,
that,ENG,
8.4,OTH,
million,ENG,
people,ENG,
could,ENG,
be,ENG,
affected,ENG,
.,OTH,
PHIVOLCS,OTH,ABB
warns,ENG,
of,ENG,
Mayon,OTH,NE
lahar,FIL,
flows,ENG,
.,OTH,
This,ENG,
is,ENG,
a,ENG,
P1.7-M,OTH,
shabu,FIL,
seizure,ENG,
.,OTH,
This,ENG,
is,ENG,
a,ENG,
Taglish,ENG,
sentence,ENG,
",",OTH,
of,ENG,
course,ENG,
.,OTH,
Saan,FIL,
po,FIL,
'yung,FIL,
CR,OTH,ABB
?,OTH,
I,ENG,
need,ENG,
to,ENG,
go,ENG,
na,FIL,
po,FIL,
.,OTH,
Please,ENG,
check,ENG,
the,ENG,
file,ENG,
:,OTH,
Budget_Q4_2025.xlsx,OTH,
.,OTH,
Grabe,FIL,EXPR
",",OTH,
'yung,FIL,
init,FIL,
sa,FIL,
labas,FIL,
.,OTH,
Can,ENG,
we,ENG,
meet,ENG,
on,ENG,
Zoom,OTH,NE
or,ENG,
Google,OTH,NE
Meet,OTH,NE
?,OTH,
Her,ENG,
OOTD,OTH,ABB
is,ENG,
so,ENG,
on,ENG,
point,ENG,
.,OTH,
I,ENG,
bought,ENG,
a,ENG,
new,ENG,
phone,ENG,
from,ENG,
Lazada,OTH,NE
.,OTH,
Ang,FIL,
sarap,FIL,
ng,FIL,
kain,FIL,
namin,FIL,
kagabi,FIL,
.,OTH,
The,ENG,
concert,ENG,
was,ENG,
awesome,ENG,
(!),OTH,
.,OTH,
I'm,ENG,
not,ENG,
sure,ENG,
",",OTH,
ano,FIL,
ang,FIL,
gagawin,FIL,
.,OTH,
Let's,ENG,
just,ENG,
wing,ENG,
it,ENG,
.,OTH,
He's,ENG,
a,ENG,
TRUE,ENG,
gen-Z,OTH,
kid,ENG,
.,OTH,
The,ENG,
BSP,OTH,ABB
moves,ENG,
to,ENG,
fortify,ENG,
banks,ENG,
.,OTH,
Starbucks,OTH,NE
PH,OTH,ABB
Unveils,ENG,
Starbucks,OTH,NE
2026,OTH,
Planner,ENG,
.,OTH,
We,ENG,
visited,ENG,
the,ENG,
iconic,ENG,
Chocolate,OTH,NE
Hills,OTH,NE
in,ENG,
Bohol,OTH,NE
.,OTH,
Timing,ENG,
is,ENG,
everything,ENG,
",",OTH,
'di,FIL,
ba,FIL,
?,OTH,
Savoring,ENG,
barbeque,ENG,
skewers,ENG,
and,ENG,
sweet,ENG,
halo,FIL,
-,OTH,
halo,FIL,
is,ENG,
a,ENG,
must,ENG,
.,OTH,
I,ENG,
need,ENG,
to,ENG,
book,ENG,
a,ENG,
flight,ENG,
via,ENG,
Cebu,OTH,NE
Pacific,OTH,NE
.,OTH,
The,ENG,
DOH,OTH,ABB
warns,ENG,
the,ENG,
public,ENG,
on,ENG,
health,ENG,
risks,ENG,
.,OTH,
Aray,FIL,EXPR
",",OTH,
ang,FIL,
sakit,FIL,
!,OTH,
This,ENG,
is,ENG,
a,ENG,
simple,ENG,
1-on-1,OTH,
meeting,ENG,
.,OTH,
This,ENG,
is,ENG,
the,ENG,
final,ENG,
batch,ENG,
of,ENG,
sentences,ENG,
.,OTH,
Tara,FIL,
na,FIL,
",",OTH,
let's,ENG,
grab,ENG,
some,ENG,
kape,FIL,
.,OTH,
Ano,FIL,
'yun,FIL,
?,OTH,
Paki-ulit,FIL,
nga,FIL,
.,OTH,
Saan,FIL,
tayo,FIL,
kakain,FIL,
?,OTH,
Kahit,FIL,
saan,FIL,
",",OTH,
I'm,ENG,
G,ENG,EXPR
.,OTH,
Wait,ENG,
lang,FIL,
",",OTH,
Traffic,ENG,
pa,FIL,
rin,FIL,
sa,FIL,
SLEX,OTH,ABB
.,OTH,
Pa-send,FIL,
naman,FIL,
ng,FIL,
GCash,OTH,NE
mo,FIL,
.,OTH,
Got,ENG,
it,ENG,
",",OTH,
na-receive,FIL,
ko,FIL,
na,FIL,
.,OTH,
Thanks,ENG,
po,FIL,
!,OTH,
Daan,FIL,
muna,FIL,
tayo,FIL,
sa,FIL,
7-Eleven,OTH,NE
.,OTH,
Bili,FIL,
lang,FIL,
ako,FIL,
ng,FIL,
tubig,FIL,
.,OTH,
Sure,ENG,
",",OTH,
no,ENG,
problem,ENG,
.,OTH,
Ang,FIL,
init,FIL,
naman,FIL,
today,ENG,
",",OTH,
grabe,FIL,EXPR
!,OTH,
May,FIL,
aircon,FIL,
ba,FIL,
sa,FIL,
venue,ENG,
?,OTH,
Check,ENG,
mo,FIL,
'yung,FIL,
Viber,OTH,NE
group,ENG,
natin,FIL,
.,OTH,
I,ENG,
messaged,ENG,
you,ENG,
na,FIL,
.,OTH,
Seen,ENG,
ko,FIL,
lang,FIL,
",",OTH,
busy,ENG,
pa,FIL,
ako,FIL,
eh,FIL,EXPR
.,OTH,
Okay,ENG,
",",OTH,
reply,ENG,
ka,FIL,
na,FIL,
lang,FIL,
ASAP,OTH,ABB
.,OTH,
BTW,OTH,ABB
",",OTH,
did,ENG,
you,ENG,
see,ENG,
the,ENG,
game,ENG,
last,ENG,
night,ENG,
?,OTH,
Lakers,OTH,NE
won,ENG,
against,ENG,
the,ENG,
Celtics,OTH,NE
!,OTH,
Solid,ENG,
'yung,FIL,
three,ENG,
-,OTH,
point,ENG,
shot,ENG,
niya,FIL,
!,OTH,
Sayang,FIL,EXPR
",",OTH,
talo,FIL,
'yung,FIL,
pusta,FIL,
ko,FIL,
.,OTH,
Ginebra,OTH,NE
is,ENG,
still,ENG,
the,ENG,
team,ENG,
to,ENG,
beat,ENG,
sa,FIL,
PBA,OTH,ABB
.,OTH,
That,ENG,
was,ENG,
a,ENG,
"""",OTH,
buzzer,ENG,
-,OTH,
beater,ENG,
"""",OTH,
for,ENG,
the,ENG,
win,ENG,
!,OTH,
He's,ENG,
the,ENG,
GOAT,OTH,ABB
",",OTH,
no,ENG,
doubt,ENG,
.,OTH,
The,ENG,
referee,ENG,
made,ENG,
a,ENG,
bad,ENG,
call,ENG,
",",OTH,
IMO,OTH,ABB
.,OTH,
They,ENG,
are,ENG,
now,ENG,
in,ENG,
the,ENG,
Finals,ENG,
!,OTH,
Ang,FIL,
galing,FIL,
ni,FIL,
Kai,OTH,NE
Sotto,OTH,NE
maglaro,FIL,
.,OTH,
That,ENG,
dunk,ENG,
was,ENG,
insane,ENG,
!,OTH,
Naka-score,FIL,
ba,FIL,
siya,FIL,
ng,FIL,
20+,OTH,
points,ENG,
?,OTH,
Switching,ENG,
topics,ENG,
",",OTH,
how's,ENG,
your,ENG,
portfolio,ENG,
?,OTH,
My,ENG,
crypto,ENG,
is,ENG,
down,ENG,
bad,ENG,
.,OTH,
HODL,OTH,EXPR
lang,FIL,
",",OTH,
it,ENG,
will,ENG,
bounce,ENG,
back,ENG,
.,OTH,
The,ENG,
PSEi,OTH,NE
closed,ENG,
at,ENG,
6,OTH,
",",OTH,
500,OTH,
points,ENG,
.,OTH,
I'm,ENG,
planning,ENG,
to,ENG,
invest,ENG,
in,ENG,
blue,ENG,
-,OTH,
chip,ENG,
stocks,ENG,
.,OTH,
What's,ENG,
the,ENG,
current,ENG,
interest,ENG,
rate,ENG,
ng,FIL,
BSP,OTH,ABB
?,OTH,
I,ENG,
need,ENG,
open,ENG,
a,ENG,
BDO,OTH,NE
savings,ENG,
account,ENG,
.,OTH,
Mas,FIL,
mataas,FIL,
'yung,FIL,
dividends,ENG,
ng,FIL,
MP2,OTH,NE
.,OTH,
How,ENG,
about,ENG,
mutual,ENG,
funds,ENG,
or,ENG,
UITFs,OTH,ABB
?,OTH,
Check,ENG,
your,ENG,
e-wallet,ENG,
for,ENG,
the,ENG,
cash,ENG,
-,OTH,
in,ENG,
.,OTH,
Ay,FIL,EXPR
",",OTH,
may,FIL,
transaction,ENG,
fee,ENG,
pala,FIL,
.,OTH,
I'm,ENG,
saving,ENG,
up,ENG,
for,ENG,
a,ENG,
down,ENG,
payment,ENG,
.,OTH,
Inflation,ENG,
rate,ENG,
is,ENG,
going,ENG,
up,ENG,
na,FIL,
naman,FIL,
.,OTH,
My,ENG,
stock,ENG,
broker,ENG,
is,ENG,
from,ENG,
COL,OTH,NE
Financial,OTH,NE
.,OTH,
This,ENG,
is,ENG,
not,ENG,
financial,ENG,
advice,ENG,
",",OTH,
FYI,OTH,ABB
.,OTH,
Let's,ENG,
track,ENG,
our,ENG,
expenses,ENG,
using,ENG,
an,ENG,
app,ENG,
.,OTH,
Ang,FIL,
mahal,FIL,
ng,FIL,
bilihin,FIL,
ngayon,FIL,
.,OTH,
TRUE,ENG,
",",OTH,
kailangan,FIL,
mag-ipon,FIL,
.,OTH,
OMG,OTH,EXPR
",",OTH,
na-late,FIL,
na,FIL,
'ko,FIL,
sa,FIL,
work,ENG,
!,OTH,
Ano,FIL,
oras,FIL,
na,FIL,
ba,FIL,
?,OTH,
It's,ENG,
almost,ENG,
10:00,OTH,
AM,OTH,ABB
!,OTH,
Patay,FIL,EXPR
",",OTH,
lagot,FIL,
ako,FIL,
kay,FIL,
boss,ENG,
.,OTH,
Sana,FIL,
ol,FIL,EXPR
",",OTH,
naka-WFA,FIL,ABB
.,OTH,
I'm,ENG,
so,ENG,
pagod,FIL,
",",OTH,
super,ENG,
.,OTH,
Let's,ENG,
order,ENG,
food,ENG,
na,FIL,
lang,FIL,
sa,FIL,
Grab,OTH,NE
.,OTH,
What's,ENG,
your,ENG,
order,ENG,
?,OTH,
Chicken,ENG,
Joy,OTH,NE
na,FIL,
lang,FIL,
with,ENG,
extra,ENG,
rice,ENG,
.,OTH,
G,ENG,EXPR
",",OTH,
pa-add,FIL,
na,FIL,
rin,FIL,
ng,FIL,
fries,ENG,
and,ENG,
Coke,OTH,NE
Zero,OTH,NE
.,OTH,
Ok,ENG,
",",OTH,
booking,ENG,
na,FIL,
.,OTH,
Yung,FIL,
total,ENG,
is,ENG,
P750.25,OTH,
.,OTH,
Charge,ENG,
to,ENG,
my,ENG,
credit,ENG,
card,ENG,
",",OTH,
BPI,OTH,NE
po,FIL,
.,OTH,
'Sus,FIL,EXPR
",",OTH,
ang,FIL,
mahal,FIL,
!,OTH,
Share,ENG,
na,FIL,
lang,FIL,
tayo,FIL,
sa,FIL,
bill,ENG,
.,OTH,
Sige,FIL,
",",OTH,
hati,FIL,
tayo,FIL,
.,OTH,
This,ENG,
is,ENG,
the,ENG,
final,ENG,
test,ENG,
sentence,ENG,
(...I,ENG,
think,ENG,
!),OTH,
.,OTH,
It,ENG,
is,ENG,
a,ENG,
truth,ENG,
universally,ENG,
acknowledged,ENG,
",",OTH,
that,ENG,
a,ENG,
single,ENG,
man,ENG,
in,ENG,
possession,ENG,
of,ENG,
a,ENG,
good,ENG,
fortune,ENG,
",",OTH,
must,ENG,
be,ENG,
in,ENG,
want,ENG,
of,ENG,
a,ENG,
wife,ENG,
.,OTH,
However,ENG,
little,ENG,
known,ENG,
the,ENG,
feelings,ENG,
or,ENG,
views,ENG,
of,ENG,
such,ENG,
a,ENG,
man,ENG,
may,ENG,
be,ENG,
on,ENG,
his,ENG,
first,ENG,
entering,ENG,
a,ENG,
neighbourhood,ENG,
",",OTH,
this,ENG,
truth,ENG,
is,ENG,
so,ENG,
well,ENG,
fixed,ENG,
in,ENG,
the,ENG,
minds,ENG,
of,ENG,
the,ENG,
surrounding,ENG,
families,ENG,
",",OTH,
that,ENG,
he,ENG,
is,ENG,
considered,ENG,
the,ENG,
rightful,ENG,
property,ENG,
of,ENG,
some,ENG,
one,ENG,
or,ENG,
other,ENG,
of,ENG,
their,ENG,
daughters,ENG,
.,OTH,
"""",OTH,
My,ENG,
dear,ENG,
Mr.,OTH,NE
Bennet,OTH,NE
",",OTH,
"""",OTH,
said,ENG,
his,ENG,
lady,ENG,
to,ENG,
him,ENG,
one,ENG,
day,ENG,
",",OTH,
"""",OTH,
have,ENG,
you,ENG,
heard,ENG,
the,ENG,
news,ENG,
?,OTH,
"""",OTH,
Mr.,OTH,NE
Bennet,OTH,NE
replied,ENG,
that,ENG,
he,ENG,
had,ENG,
not,ENG,
.,OTH,
"""",OTH,
But,ENG,
it,ENG,
is,ENG,
",",OTH,
"""",OTH,
returned,ENG,
she,ENG,
;,OTH,
"""",OTH,
for,ENG,
Mrs.,OTH,NE
Long,OTH,NE
has,ENG,
just,ENG,
been,ENG,
here,ENG,
",",OTH,
and,ENG,
she,ENG,
told,ENG,
me,ENG,
all,ENG,
about,ENG,
it,ENG,
.,OTH,
"""",OTH,
Ang,FIL,
Maynila,OTH,NE
"(""",OTH,
Ingles,FIL,
:,OTH,
Manila,OTH,NE
Patuloy,FIL,
na,FIL,
binabantayan,FIL,
ng,FIL,
mga,FIL,
eksperto,FIL,
ang,FIL,
Tropical,ENG,
Storm,ENG,
Fung-Wong,OTH,NE
",",OTH,
na,FIL,
tatawaging,FIL,
"""",OTH,
Uwan,OTH,NE
"""",OTH,
kapag,FIL,
nakapasok,FIL,
na,FIL,
sa,FIL,
Philippine,OTH,NE
Area,OTH,NE
of,ENG,
Responsibility,OTH,NE
(,OTH,
PAR,OTH,ABB_NE
),OTH,
.,OTH,
Huli,FIL,
itong,FIL,
namataan,FIL,
sa,FIL,
layong,FIL,
"1,660",OTH,
kilometro,FIL,
silangan,FIL,
ng,FIL,
hilagang-silangang,FIL,
Mindanao,OTH,NE
.,OTH,
Taglay,FIL,
nito,FIL,
ang,FIL,
lakas,FIL,
ng,FIL,
hangin,FIL,
na,FIL,
75,OTH,
km/h,OTH,ABB
malapit,FIL,
sa,FIL,
gitna,FIL,
",",OTH,
at,FIL,
may,FIL,
pagbugso,FIL,
ng,FIL,
hangin,FIL,
na,FIL,
umaabot,FIL,
sa,FIL,
90,OTH,
km/h,OTH,ABB
.,OTH,
Batay,FIL,
sa,FIL,
obserbasyon,FIL,
ng,FIL,
state,ENG,
weather,ENG,
bureau,ENG,
",",OTH,
halos,FIL,
hindi,FIL,
umuusad,FIL,
ang,FIL,
sama,FIL,
ng,FIL,
panahon,FIL,
sa,FIL,
mga,FIL,
nakalipas,FIL,
na,FIL,
oras,FIL,
.,OTH,
#,OTH,
ADMUFreedomWall,OTH,NE
If,ENG,
puro,FIL,
lang,FIL,
ideals,ENG,
ang,FIL,
isang,FIL,
political,ENG,
party,ENG,
",",OTH,
useless,ENG,
ito,FIL,
.,OTH,
Pragmatism,ENG,
brings,ENG,
victory,ENG,
",",OTH,
not,ENG,
fancy,ENG,
ideals,ENG,
and,ENG,
unrealistic,ENG,
principles,ENG,
.,OTH,
I'm,ENG,
saying,ENG,
this,ENG,
as,ENG,
a,ENG,
frustrated,ENG,
voter,ENG,
.,OTH,
Nakakainis,FIL,
makita,FIL,
na,FIL,
laging,FIL,
talo,FIL,
yung,FIL,
mga,FIL,
partido,FIL,
na,FIL,
may,FIL,
prinsipyo,FIL,
pero,FIL,
walang,FIL,
diskarte,FIL,
.,OTH,
For,ENG,
instance,ENG,
",",OTH,
other,ENG,
partylists,ENG,
usually,ENG,
give,ENG,
financial,ENG,
and,ENG,
medical,ENG,
assistance,ENG,
sa,FIL,
mga,FIL,
supporters,ENG,
nila,FIL,
.,OTH,
That,ENG,
is,ENG,
",",OTH,
they,ENG,
directly,ENG,
help,ENG,
people,ENG,
",",OTH,
and,ENG,
knowing,ENG,
the,ENG,
masses,ENG,
",",OTH,
di,FIL,
mo,FIL,
sila,FIL,
masisi,FIL,
bakit,FIL,
di,FIL,
sila,FIL,
makahintay,FIL,
sa,FIL,
long,ENG,
term,ENG,
benefits,ENG,
in,ENG,
the,ENG,
form,ENG,
of,ENG,
laws,ENG,
ang,FIL,
policies,ENG,
.,OTH,
Meanwhile,ENG,
",",OTH,
ang,FIL,
mga,FIL,
progressive,ENG,
parties,ENG,
naman,FIL,
ay,FIL,
puro,FIL,
lang,FIL,
discussion,ENG,
ang,FIL,
ginagawa,FIL,
",",OTH,
tapos,FIL,
parang,FIL,
kung,FIL,
sino,FIL,
na,FIL,
yung,FIL,
supporters,ENG,
already,ENG,
lang,FIL,
ang,FIL,
nag,FIL,
aattend,FIL,
.,OTH,
They,ENG,
don't,ENG,
even,ENG,
try,ENG,
doing,ENG,
moves,ENG,
like,ENG,
putting,ENG,
their,ENG,
names,ENG,
in,ENG,
projects,ENG,
para,FIL,
maalala,FIL,
mga,FIL,
pangalan,FIL,
nila,FIL,
.,OTH,
Additionally,ENG,
",",OTH,
ang,FIL,
hilig,FIL,
din,FIL,
nila,FIL,
to,ENG,
take,ENG,
stances,ENG,
on,ENG,
divisive,ENG,
issues,ENG,
kesa,FIL,
magfocus,FIL,
sa,FIL,
mga,FIL,
issue,ENG,
na,FIL,
agree,ENG,
ang,FIL,
lahat,FIL,
.,OTH,
I'm,ENG,
not,ENG,
saying,ENG,
you,ENG,
drop,ENG,
your,ENG,
principles,ENG,
",",OTH,
pero,FIL,
at,ENG,
least,ENG,
during,ENG,
elections,ENG,
ay,FIL,
mag,FIL,
appeal,ENG,
kayo,FIL,
to,ENG,
all,ENG,
kinds,ENG,
of,ENG,
voters,ENG,
at,FIL,
bago,FIL,
na,FIL,
kayo,FIL,
magpairal,FIL,
ng,FIL,
prinsipyo,FIL,
niyo,FIL,
once,ENG,
secured,ENG,
na,FIL,
ang,FIL,
panalo,FIL,
.,OTH,
For,ENG,
instance,ENG,
",",OTH,
those,ENG,
parties,ENG,
or,ENG,
candidates,ENG,
na,FIL,
nagsasabi,FIL,
agad,FIL,
ng,FIL,
support,ENG,
for,ENG,
SOGIE,OTH,ABB_NE
Bill,OTH,NE
which,ENG,
always,ENG,
creates,ENG,
issue,ENG,
whether,ENG,
agree,ENG,
sila,FIL,
or,ENG,
hindi,FIL,
.,OTH,
When,ENG,
your,ENG,
friends,ENG,
think,ENG,
"""",OTH,
not,ENG,
getting,ENG,
their,ENG,
way,ENG,
"""",OTH,
is,ENG,
a,ENG,
personal,ENG,
attack,ENG,
||,OTH,
Swear,ENG,
",",OTH,
I,ENG,
love,ENG,
my,ENG,
friends,ENG,
gyud,FIL,
but,ENG,
bruhh,OTH,EXPR
...,OTH,
it's,ENG,
getting,ENG,
exhausting,ENG,
.,OTH,
Every,ENG,
time,ENG,
plans,ENG,
change,ENG,
or,ENG,
they,ENG,
don't,ENG,
get,ENG,
what,ENG,
they,ENG,
want,ENG,
",",OTH,
boomm,OTH,EXPR
!,OTH,
instant,ENG,
silent,ENG,
treatment,ENG,
man,FIL,
dayon,FIL,
(,OTH,
abi,FIL,
ko,FIL,
bag,FIL,
uyab,FIL,
ray,FIL,
suyoon,FIL,
HAHAHAHA,OTH,EXPR
tsar,OTH,EXPR
),OTH,
.,OTH,
Like,ENG,
",",OTH,
not,ENG,
everything's,ENG,
a,ENG,
betrayal,ENG,
???,OTH,
Sometimes,ENG,
things,ENG,
just,ENG,
don't,ENG,
go,ENG,
as,ENG,
planned,ENG,
lang,FIL,
gyud,FIL,
",",OTH,
and,ENG,
it's,ENG,
not,ENG,
that,ENG,
deep,ENG,
||,OTH,
strawfairiee,OTH,NE
:,OTH,
Anyone,ENG,
else,ENG,
dealing,ENG,
with,ENG,
emotionally,ENG,
high-maintenance,ENG,
friends,ENG,
lately,ENG,
?,OTH,
||,OTH,
AcanthisittaThis1600,OTH,NE
replied,ENG,
:,OTH,
murag,FIL,
||,OTH,
strawfairiee,OTH,NE
replied,ENG,
:,OTH,
makahiubos,FIL,
kaayo,FIL,
kay,FIL,
wala,FIL,
rako,FIL,
kauban,FIL,
pangaligo,FIL,
nila,FIL,
",",OTH,
nalain,FIL,
na,FIL,
HAHAH,OTH,EXPR
valid,ENG,
sad,FIL,
ako,FIL,
reason,ENG,
di,FIL,
lang,FIL,
sila,FIL,
kasabot,FIL,
MAGSASAGAWA,FIL,
ng,FIL,
masusing,FIL,
imbestigasyon,FIL,
ang,FIL,
Department,OTH,NE
of,ENG,
Environment,OTH,NE
and,ENG,
National,OTH,NE
Resources,OTH,NE
(,OTH,
DENR,OTH,ABB_NE
),OTH,
sa,FIL,
kontrobersyal,FIL,
na,FIL,
Monterrazas,OTH,NE
de,OTH,
Cebu,OTH,NE
ni,FIL,
Slater,OTH,NE
Young,OTH,NE
.,OTH,
Ang,FIL,
naturang,FIL,
proyekto,FIL,
kasi,FIL,
ng,FIL,
grupo,FIL,
ng,FIL,
engineer,ENG,
at,FIL,
"""",OTH,
Pinoy,OTH,NE
Big,OTH,NE
Brother,OTH,NE
:,OTH,
Unlimited,OTH,NE
"""",OTH,
Big,ENG,
Winner,ENG,
na,FIL,
si,FIL,
Slater,OTH,NE
sa,FIL,
nasabing,FIL,
probinsya,FIL,
ang,FIL,
sinisisi,FIL,
sa,FIL,
matinding,FIL,
pagbaha,FIL,
dulot,FIL,
ng,FIL,
bagyong,FIL,
Tino,OTH,NE
.,OTH,
Sa,FIL,
Facebook,OTH,NE
page,ENG,
ng,FIL,
DENR,OTH,ABB_NE
",",OTH,
mababasa,FIL,
ang,FIL,
kanilang,FIL,
official,ENG,
statement,ENG,
hinggil,FIL,
sa,FIL,
issue,ENG,
kasabay,FIL,
ng,FIL,
pagpapakilala,FIL,
sa,FIL,
mga,FIL,
ahensiyang,FIL,
magiging,FIL,
bahagi,FIL,
ng,FIL,
imbestigasyon,FIL,
.,OTH,
Bukod,FIL,
dito,FIL,
",",OTH,
inutusan,FIL,
na,FIL,
rin,FIL,
ng,FIL,
DENR,OTH,ABB_NE
ang,FIL,
project,ENG,
proponent,ENG,
na,FIL,
agad,FIL,
iulat,FIL,
ang,FIL,
"""",OTH,
Engineering,ENG,
",",OTH,
Geological,ENG,
",",OTH,
and,ENG,
Geohazard,ENG,
Assessment,ENG,
.,OTH,
"""",OTH,
.,OTH,
"""",OTH,
Compliance,ENG,
to,ENG,
this,ENG,
requirement,ENG,
will,ENG,
be,ENG,
validated,ENG,
by,ENG,
the,ENG,
joint,ENG,
inspection,ENG,
team,ENG,
",",OTH,
"""",OTH,
sabi,FIL,
pa,FIL,
ng,FIL,
ahensya,FIL,
.,OTH,
Parurusahan,FIL,
at,FIL,
mananagot,FIL,
ang,FIL,
mga,FIL,
taong,FIL,
mapatutunayang,FIL,
lumabas,FIL,
sa,FIL,
ECC,OTH,ABB
conditions,ENG,
o,FIL,
enviromental,ENG,
regulations,ENG,
",",OTH,
ayon,FIL,
pa,FIL,
sa,FIL,
DENR,OTH,ABB_NE
.,OTH,
Kaliwa't,FIL,
kanang,FIL,
pamba-bash,FIL,
ang,FIL,
natatanggap,FIL,
ngayon,FIL,
ni,FIL,
Slater,OTH,NE
Young,OTH,NE
at,FIL,
ng,FIL,
kanyang,FIL,
mga,FIL,
kasamahan,FIL,
sa,FIL,
likod,FIL,
ng,FIL,
Monterrazas,OTH,NE
de,OTH,
Cebu,OTH,NE
dahil,FIL,
ito,FIL,
raw,FIL,
ang,FIL,
dahilan,FIL,
ng,FIL,
grabeng,FIL,
pagbaha,FIL,
sa,FIL,
Cebu,OTH,NE
na,FIL,
ikinamatay,FIL,
ng,FIL,
mahigit,FIL,
100,OTH,
katao,FIL,
at,FIL,
pagkawasak,FIL,
ng,FIL,
libu-libong,FIL,
ari-arian,FIL,
.,OTH,
Matatandaang,FIL,
ibinandera,FIL,
ni,FIL,
Slater,OTH,NE
ang,FIL,
naturang,FIL,
proyekto,FIL,
sa,FIL,
kanyang,FIL,
YouTube,OTH,NE
vlog,ENG,
noong,FIL,
August,OTH,NE
",",OTH,
2023,OTH,
.,OTH,
Depensa,FIL,
ng,FIL,
dating,FIL,
aktor,FIL,
sa,FIL,
pambebengga,FIL,
sa,FIL,
kanya,FIL,
ng,FIL,
netizens,ENG,
",",OTH,
"""",OTH,
This,ENG,
is,ENG,
just,ENG,
a,ENG,
small,ENG,
",",OTH,
small,ENG,
portion,ENG,
of,ENG,
the,ENG,
mountain,ENG,
",",OTH,
at,ENG,
the,ENG,
foot,ENG,
of,ENG,
the,ENG,
mountain,ENG,
.,OTH,
"""",OTH,
"""",OTH,
This,ENG,
only,ENG,
has,ENG,
146,OTH,
units,ENG,
.,OTH,
So,ENG,
",",OTH,
very,ENG,
exclusive,ENG,
ito,FIL,
.,OTH,
Of,ENG,
course,ENG,
",",OTH,
it's,ENG,
still,ENG,
big,ENG,
",",OTH,
no,ENG,
doubt,ENG,
about,ENG,
it,ENG,
.,OTH,
But,ENG,
hindi,FIL,
siya,FIL,
yung,FIL,
buong,FIL,
bundok,FIL,
.,OTH,
It's,ENG,
just,ENG,
the,ENG,
side,ENG,
of,ENG,
a,ENG,
mountain,ENG,
.,OTH,
And,ENG,
even,ENG,
if,ENG,
you,ENG,
go,ENG,
to,ENG,
Google,OTH,NE
Earth,OTH,NE
and,ENG,
you,ENG,
look,ENG,
at,ENG,
that,ENG,
site,ENG,
",",OTH,
wala,FIL,
kayong,FIL,
makikita,FIL,
na,FIL,
forest,ENG,
there,ENG,
",",OTH,
"""",OTH,
aniya,FIL,
pa,FIL,
.,OTH,